submission_title,comment,comment_id,url,subreddit_id,label1,label2
"Shashi Tharoor Set To Run For Congress President, Sonia Gandhi Okays It","Extremely valid points but I believe he has the charisma to win over urban youth who is usually the most apathetic (non) voter. Although, I would keep my expectations low since Tharoor has a ton of intra-party politics to deal with.",ip5g6vu,/r/india/comments/xif8wm/shashi_tharoor_set_to_run_for_congress_president/ip5g6vu/,2qh1q,-1,-1
Yogi government puts Kolkata's image as part of its Transforming Uttar Pradesh ad,Even if the ad was designed by the newspaper - this never ever happens - the images have to come from somewhere! Either they were sent or bought by his team. There's no way around this.,hcontm8,/r/india/comments/pmn9o3/yogi_government_puts_kolkatas_image_as_part_of/hcontm8/,2qh1q,-1,-1
"An attempt to address the list of ""simplified"" explanation that is floating around in an attempt to justify the Citizenship Amendment Fact","Diverse population including Muslims. Welcoming other minorities while differentiating between your own minorities is a holly work I believe? 

Diverse population you say and you yourself support the cause of Differentiation? You know the constitutional clause?

Is sending out Muslims from India right?

You know what. I know your answer with responsibility. Forget it.",fbhlv40,/r/india/comments/ebdeup/an_attempt_to_address_the_list_of_simplified/fbhlv40/,2qh1q,-1,-2
You guys noticing what's happening in Sri Lanka?,">The blockade was done by your own people.

What a joke. 

>The simple truth is that your communist party aligned with China and created propaganda against India.

They didn't create any propaganda. India helped their civil war. They are puppet of India. Majority of them have no courage to talk anything about India. 

People in India die due to Koshi that's why India wants to construct another larger dam so that only Nepali would die.

And another simple explanation, when India initiated a road in Lipulekh Kalapani area (which according to Sugauli treaty) is part of Nepal. India never talked about it with Nepal. Because India dissolved the treaty without Nepal's agreement. 

When every argument ends, we have common culture is your ultimate sword.",i2yrud3,/r/india/comments/tt1ryh/you_guys_noticing_whats_happening_in_sri_lanka/i2yrud3/,2qh1q,0,0
Just got abused on the train by a hyper-nationalist woman for a really absurd reason.,"Ohoo bahut bura laga ye sunke ki aap Undergarment-phobic hainüò¢ Chinta mat kare, iss dharti pe bahut log hain who can't afford undergarments and later on they develop a phobia of chaddis and baniyansüò´. I can't imagine living with that kinda disability. I hope you recover soon bhagini ji. We require talented and creative people like you.",hooi92k,/r/india/comments/rh2kcs/just_got_abused_on_the_train_by_a/hooi92k/,2qh1q,-2,-2
"Defeat BJP: Mission Uttar Pradesh,' Farmers to Campaign Against BJP Ahead of 2022 Polls","Not really.

As the country has seen for the last 7 years, **ALL** of BJP MPs are just toothless lapdogs of two goons. Doesn't matter if they are good or not, if they can't do the work they are supposed to do then it's better to vote for a better party so you actually get the benefits as the whole country progressing.",gzrxgam,/r/india/comments/nmyqu4/defeat_bjp_mission_uttar_pradesh_farmers_to/gzrxgam/,2qh1q,-2,-2
"Spurned by Congress for years, Dalits in Delhi say Arvind Kejriwal didn't just bring 'innovative' school reforms, but also equality in education","If they focused on campaigning in urban areas with development issue, I think they can win anywhere in India. It's just the rural areas that become a little tricky to tackle.",ffqcpfc,/r/india/comments/euipuz/spurned_by_congress_for_years_dalits_in_delhi_say/ffqcpfc/,2qh1q,0,-1
"Government spent nearly ‚Çπ3,723 Crore on ads in 5 years.","This ads are for various awareness programmes, covid awareness programme, and informing about various govt policies, this is done in every state of the nation by central govt irrespective of which party is ruling",j0tzygt,/r/IndiaSpeaks/comments/zpnhnr/government_spent_nearly_3723_crore_on_ads_in_5/j0tzygt/,3d4x4,1,0
"The standard of prime time debates on our national media - ""If vegetables are expensive then the government is on target but if subscription is expensive then that's not a problem""","What else can you expect from Godi Media. All they talk about is Pakistan, Mudi, Yogi, ramdev, some random ass babas and group discussions on who will win the next cricket match...",j9jczvt,/r/india/comments/118s00j/the_standard_of_prime_time_debates_on_our/j9jczvt/,2qh1q,-2,-2
"West Bengal government has put total ban on manufacture, storage, distribution and sale of gutka and pan masala in the state for a year with effect from 7th November.","To fine people for spitting government will have to hire thousands of people to monitor every road in the state.. that's not something government can just do. Since people who eat pan and gutka are clearly not changing their ways, Banning is the last solution.",f609lu6,/r/india/comments/dpz5rs/west_bengal_government_has_put_total_ban_on/f609lu6/,2qh1q,0,0
I clicked a picture from the sky in Delhi and London. When will India get educated politicians who focus on things that actually matter over bs politics.,"Be me , asthmatic and nearly always sneezing and coughing when I live in Chennai and Delhi, having to take inhaler ever 3-4 days. Finally move to Canada and i haven't sneezed or coughed much at all and also have had to use my inhaler only 2 times in a whole year so far.....",idvgh9b,/r/india/comments/vl882u/i_clicked_a_picture_from_the_sky_in_delhi_and/idvgh9b/,2qh1q,0,0
"An attempt to address the list of ""simplified"" explanation that is floating around in an attempt to justify the Citizenship Amendment Fact","But is Art. 14 also supposed to determine the policies of the government in the matters of citizenship or deportation? Personally, I would have preferred no exclusion of any persecuted minorities irrespective of their religion or lack of, orientation, race etc. But, since this is a policy matter, I don't see it as an infringement to our constitutional rights.

No, ofcourse not. How can anyone support such a barbaric and oppressive framework. I will actively join any protests that would get formed then.
But, I do believe in our constitution and our judiciary. They are there to stop such a thing from ever happening. But at the moment, logically, I can't support or adhere to any protest on the foundation of a hypothesis or an assumption. That's not how any democracy works.",fbgl61f,/r/india/comments/ebdeup/an_attempt_to_address_the_list_of_simplified/fbgl61f/,2qh1q,1,0
"""Educated"" MP of india","Bhai tu reddit pe muhje mere feminist opinions ke validation mat de. This is not feminist opinion if you want more clarity on what I am saying please watch the short video on Brut that was made on this opinion.
Also this is the same women who was scrutinised for carrying a LV bag",j8453hx,/r/IndiaSpeaks/comments/10zcnhx/educated_mp_of_india/j8453hx/,3d4x4,1,1
"Tejasvi Surya barged into the south bbmp war room, picked all 17 Muslim men from a list of 120 staff, asked officers why they were hired and got them fired.","When elections were happening my mum said even if BJP had kept a donkey as it‚Äôs representative, South Bangalore would vote it in. 

Now I‚Äôm thinking the donkey would have been a better option.",gx1c1sk,/r/india/comments/n5dxga/tejasvi_surya_barged_into_the_south_bbmp_war_room/gx1c1sk/,2qh1q,-2,-2
"Put 'The Kashmir Files' on YouTube, everyone will watch it: Kejriwal on BJP demand to make movie tax-free","Attempt at more elaborate translation, for those who might be interested:

> They are plastering one movie's posters all over the place.
> 
> The whole of BJP cadre is involved in plastering such posters.
> 
> This is why you came in poltics? To plaster... what will you tell you children at home when they ask what do you do for living? - *I plaster movie's posters.*
> 
> They are saying that Kashmir Files should be tax free, why not just upload it on Youtube? It'll be all free free.
> 
> Why are you getting it tax free? Just ask Vivek Agnihotri to put it all on Youtube, it will all be free for everybody to watch.
> 
> I read something in the newspaper yesterday - there's a Haryana BJP MLA who said that he will get a free screening of the movie held in some park - immediately, Vivek posted on twitter addressing Manohar Lal Khattar about this free screening and asking him to tell that MLA to pay for that screening. 
> 
> Listen, some guys are earning crores out of Kashmiri Pandits' tragedy, and you guys are plastering posters on the walls for them. Open your eyes! What has become of you people? 
> 
> After eight years of ruling a country, if that country's Prime Minister has to bend his knees in front of Vivek Agnihotri, it means that PM hasn't done any work in all those years.

**Edit**: Full video here - https://youtube.com/watch?v=6zLEV34OZKA",i1xtq3m,/r/india/comments/tmcun4/put_the_kashmir_files_on_youtube_everyone_will/i1xtq3m/,2qh1q,-2,-2
Kejriwal says ‚ÄôThe Kashmir Files‚Äô is a ‚Äòjhoothi‚Äô (fake) film. The Chief Minister of Delhi is now officially a Genocide denier,I‚Äôve not seen the movie but it‚Äôs all over reddit so must be a good one. My point is why is it just a hindu genocide and not genocide of kashmiris? Was it just the Hindus and no others got killed? Is genocide still not happening in Kashmir?,i20je2p,/r/IndiaSpeaks/comments/tmhqqg/kejriwal_says_the_kashmir_files_is_a_jhoothi_fake/i20je2p/,3d4x4,-1,0
"Smriti Irani's son recently graduated from a foreign University. However, not a single Media house named the University.","Well, the thing about the future is that it's unpredictable. Road accidents are very common in foreign countries. Suppose the person who took a loan to study got involved in one. They are fucked right. They'll be in a mountain of debt with no way to repay it. But a rich person wouldn't be in a life ruining situation then. That's my reasoning why foreign education is limited to rich people. 

Besides, a household earning 3lpa is already in the top 10% of Indians. And it's impossible to go abroad with 3lpa. So foreign education is not accessible for 90% of Indians. My point stands. 

[Source](https://www.indiatimes.com/news/india/if-you-earn-rs-25000-per-month-you-are-among-indias-top-10-income-earners-570330.html)",ihkaqo7,/r/india/comments/w7co36/smriti_iranis_son_recently_graduated_from_a/ihkaqo7/,2qh1q,0,0
"An attempt to address the list of ""simplified"" explanation that is floating around in an attempt to justify the Citizenship Amendment Fact",You do realise that everything you are saying is speculative right? They are not backed by anything definitive or substantive. You are just saying the same thing again and again.,fb4c9gq,/r/india/comments/ebdeup/an_attempt_to_address_the_list_of_simplified/fb4c9gq/,2qh1q,0,-1
Rajasthan BJP MLA Sanjay Sharma posted this on twitter & later deleted it,"Hello u/meetyourneed, 

Your comment breaks r/IndiaSpeaks' Rule 11

>Excessive and incessant abuses, derailing a discussion and/or not contributing to a discussion will be removed. Please be civil. If the user continues to do so, they will be warned and on a further infraction, be given a strike and/or ban.



Your comment is removed.

You can find a complete list of subreddit rules here: https://www.reddit.com/r/IndiaSpeaks/about/rules/",hnbr979,/r/IndiaSpeaks/comments/r9df3s/rajasthan_bjp_mla_sanjay_sharma_posted_this_on/hnbr979/,3d4x4,0,0
Suzanna Arundhati Roy blames Indian government and Indians for occupying India,"If halal organization is using money to find terrorism‚Ä¶..why can‚Äôt we ask government to form a separate organization similar to fassi, which regulates halal meat, and led by sane Muslims and the money goes to government and in this way we are creating jobs for minorities as well as additional revenue and most of all it controls the halal meat in the market, people who don‚Äôt want halal meat can go to the shops which are non halal‚Ä¶let me know what you guys think",i0rjxmu,/r/IndiaSpeaks/comments/tepze6/suzanna_arundhati_roy_blames_indian_government/i0rjxmu/,3d4x4,1,0
"Smriti Irani's son recently graduated from a foreign University. However, not a single Media house named the University.",">Isn't it obvious? You think she finessed her away from being an escort in London to an actress who glommed herself onto Bollywood royalty by being dumb and naive? She was using him as much as he was using her, if not more. He only wanted her for companionship; she wanted his name, status, money, and respect.

Well well looky looky at this hypocritical fake-ass virtual signaller calling others trash for slandering a woman while talking shit about Alia Bhatt in another sub.",ihl42px,/r/india/comments/w7co36/smriti_iranis_son_recently_graduated_from_a/ihl42px/,2qh1q,1,1
The picture pretty much sums up the ideology of BJP right now,"I think a lot of countries have in recent years have had a lot of bad experience with refuges from islamic countries - the asylum seekers try and enforce their standards and their culture in the country where they want to live. Which is a bad way to treat your host.
People who want to be politically correct may lie to you and tell you that they don‚Äôt mind if refugees do that but no one likes it and privately everyone says such refugees should not be allowed into their country - this is true in all the western and Asian countries. Everyone hates such immigrants and want them banned. 

Also why is suddenly everyone agitating about NRC when CAB should be under discussion or approval. This is muddying the water - and people think that the people who are agitating are uneducated or stupid and have been motivated by foreign vested interests or are just violent people. 

People should think and be rational in their approach.",fbqc9y6,/r/india/comments/ee11sp/the_picture_pretty_much_sums_up_the_ideology_of/fbqc9y6/,2qh1q,2,1
BBC grilling BJP spokesperson on censoring tweets criticizing the govt on covid.,"I'll say it again those tweets were deleted because they didn't ask our honorable PM if he likes mangoes, or does he carries a wallet and most importantly why don't he get tired. These are the right questions that needs to be answered again.",gw5i8k6,/r/india/comments/n07ph4/bbc_grilling_bjp_spokesperson_on_censoring_tweets/gw5i8k6/,2qh1q,2,-2
Congress with some innovative banners for the ongoing petrol/diesel issue,"Her entire family line was involved with RSS. She herself was an RSS grunt since early childhood (like since when she was just 8 years old if I recall right). Furthermore, she was an actor.

So, what do you expect? Integrity is not really a defining attribute of neither the extremist/terror outfit she was associated with and nor of her profession.",i49lxkj,/r/india/comments/u0iytk/congress_with_some_innovative_banners_for_the/i49lxkj/,2qh1q,-1,-1
You guys noticing what's happening in Sri Lanka?,">He is also tearing social fabric by convertion & extreme vote bank politics

Not to disagree or agree with you but just a little point but all politics is vote bank politics.

That being said based on your experience, how do you think he has been crushing elections in AP?",i2vnozs,/r/india/comments/tt1ryh/you_guys_noticing_whats_happening_in_sri_lanka/i2vnozs/,2qh1q,0,0
It's aaolutely hilarious to see some right-wing bankers suddenly criticizing the Government now,"This is pure BS.
Most Defined Benefit pensions in India were underfunded to begin with (in fact it was a bad as pay as you go), and it was becoming a large fiscal responsibility, beginning to look more and more like a ponzi scheme, which is why they government moved to Defined Contribution pensions in the 2000s (NPS)

This particular claim is valid only by the employees who joined before 2005 or so, since the pensions were underfunded back then, it's very unlikely the pensions are being paid just from the interest on the corpus",gr5fjge,/r/india/comments/m62khd/its_aaolutely_hilarious_to_see_some_rightwing/gr5fjge/,2qh1q,1,0
When Indira Gandhi cracked down on BBC,"You've bought into their narrative.

A sikh-separatist insurgency was already a thing in 1963. It kept going even after the Punjabi Suba got what it wanted in 1966, because they didn't get it exactly as planned. Jagjit Singh Chohan named it as the khalistani movement in 1969.

Ambarsar was already being held captive in 1970 and India could have lost the Punjab state. She crushed that insurgency before it could ever peak; she didn't even let their supposed rebellion against the state start, taking out the face of the movement in the beginning, which is why the khalistani movement's majority has only been attacking unarmed Punjabi Hindus. They've had no actual territorial accomplishments, not even for one night.",j8rzyxa,/r/IndiaSpeaks/comments/113k1jh/when_indira_gandhi_cracked_down_on_bbc/j8rzyxa/,3d4x4,0,0
Rajasthan BJP MLA Sanjay Sharma posted this on twitter & later deleted it,">And you are saying shit about the Hinduism or wanted to hear from people

Its sarcasm you poor soul. I know there isnt anything mildly controversial in Vedas, even though that guy was insinuating that there is bad things in all scriptures.",hnh6ndt,/r/IndiaSpeaks/comments/r9df3s/rajasthan_bjp_mla_sanjay_sharma_posted_this_on/hnh6ndt/,3d4x4,-1,-1
I've collected all available records of UPA censoring free speech. Congress made 18 requests/day to Facebook and 15 requests/day to Google. That is when 70% of the country didn't even have access to the internet.,"india is not binary, if someone who is criticizing current government actions does not make them congress supporter automatically. so don't use ""the same people"", as most of them have also criticized previous govt. who are doing it today. shed this congress or bjp mentality and stop being a aandbhakt or chela and start living as a rational person.",gztut06,/r/IndiaSpeaks/comments/nn035c/ive_collected_all_available_records_of_upa/gztut06/,3d4x4,0,-1
Priorities of respective governments,"Mamta Banerjee was just showcasing how she distributed 1 lakh bicycle for free to students as election are around the corner , if you people would have seen the parade you people may already know that",gl85exg,/r/india/comments/l6t78h/priorities_of_respective_governments/gl85exg/,2qh1q,-1,0
Just got abused on the train by a hyper-nationalist woman for a really absurd reason.,Don‚Äôt get into arguments with stupid people who are disillusioned with this notion of superiority. I was on a train with my mother once (2016-17 maybe?) quite early morning. I was reading 1984 minding my own business. After some time an elderly man (lawyer by the looks of his garments and definitely conservative) woke up and he was triggered that I was reading the said book and called me a lefty. I was taken aback and just just deescalated his stupid confrontation stating that others in the compartment were sleeping rather than getting into a bullshit argument with some entitled ass**** early in the morning in front of my mother.,hooy9m9,/r/india/comments/rh2kcs/just_got_abused_on_the_train_by_a/hooy9m9/,2qh1q,-1,-1
"An attempt to address the list of ""simplified"" explanation that is floating around in an attempt to justify the Citizenship Amendment Fact","Edit: NRC is as ridiculous and scary as everyone is suggesting. For everyone its 1987. For instance, I have a passport but that is acceptable only if my parents can prove they are citizens, since they are born before 87.


~~But isn't the cutoff due to the Assam Accord act?~~

~~As far as I understand anyone with an Indian passport (not applicable for assam I think but not sure) is an Indian citizen. And anyone without it isn't. And having any document that makes you eligible to get a passport has to be sufficient to get citizenship.~~

~~Of course this is according to the general rules of Citizenship Act. If they don't follow this in NRC, then~~ probably not even 10% of India would qualify for citizens",fb4aoca,/r/india/comments/ebdeup/an_attempt_to_address_the_list_of_simplified/fb4aoca/,2qh1q,0,0
Kejriwal says ‚ÄôThe Kashmir Files‚Äô is a ‚Äòjhoothi‚Äô (fake) film. The Chief Minister of Delhi is now officially a Genocide denier,"I am from Delhi, the thing about Delhi politics is the same case as National level politics - There is no opposition face. Congress and BJP has literally no presence in Delhi - this guy is unbeatable at the moment.",i1zdo0z,/r/IndiaSpeaks/comments/tmhqqg/kejriwal_says_the_kashmir_files_is_a_jhoothi_fake/i1zdo0z/,3d4x4,-1,1
"BJP Blocks Parliament Panel Review Of PM CARES Fund, Coronavirus Response","> what is their official excuse? sorry, I am out of the loop.

They had a reasonably good one: PAC reviews fund utilisation allocated by the government. PM Cares funds is not allocated by the government but is made of donation. So BJP members claimed PAC cannot order an audit by the CAG on it since no government money is involved.",fxnglzf,/r/india/comments/hp2bgk/bjp_blocks_parliament_panel_review_of_pm_cares/fxnglzf/,2qh1q,0,0
"Vir Das - I COME FROM TWO INDIAS - at Kennedy Centre, Washington DC.","I don't know why Kangana did it. Was it for political reasons or is that b*tch hungry for some attention? If she did it for political reasons, that is some dirty politics. Targetting those who gave up their lives to free India is total bs. I dare her to say it in public. Phat jaayegi uski. Anyways, boycott Kangana. She doesn't deserve fame and money.",hl1m5ns,/r/india/comments/qw0f9a/vir_das_i_come_from_two_indias_at_kennedy_centre/hl1m5ns/,2qh1q,0,0
Chinese media calling out Indian Government affiliated accounts and BJP ministers,"I'm not the only one, there are plenty of people in Hong Kong who think the same. Don't be fooled by the lies of the media, plenty of people did not support the protests or riots. 


I also pay taxes, so I have no idea what you're talking about or what generalisation you're referring to.",hmilgyw,/r/india/comments/r39l2m/chinese_media_calling_out_indian_government/hmilgyw/,2qh1q,0,0
Suzanna Arundhati Roy blames Indian government and Indians for occupying India,"If you read the original comment I was responding to, it says 'their target was always the youth' (or something along those lines). He was trying to generalize her opinion to the opinions of leftists at large.
I still don't think she's evil, she has so much loathing for India, that it has led her to accept culture that is much worse. Maybe she has her reasons for this, but I don't automatically think it makes her an evil mastermind.",i0rlzvx,/r/IndiaSpeaks/comments/tepze6/suzanna_arundhati_roy_blames_indian_government/i0rlzvx/,3d4x4,1,0
Every Hindu right now to the BJP.,"If religious bigotry is not a dick measuring contest then what is, huh? 

We can‚Äôt wish away religion since it‚Äôs the cheapest form of escapism. Bevde kae paise khatam hone ke baad aakhri sahara bhagwaan hi toh hota hai.",fbe7fyi,/r/india/comments/ecqzq8/every_hindu_right_now_to_the_bjp/fbe7fyi/,2qh1q,1,0
#ResignModi trending in India on #1 with 200k tweets at the moment,"True , but even if Modi doesn't run for next election BJP will might easily win . Not gonna lie but Congress , the only other large party, they will lose before selecting another face than Rahul , who is well not really good to say the the least , he is a major reason of decline of opposition in india . Bjp after modi is very Far right with good policies , no matter how much they try to give good policies they will ruin it in their implementation. Either BJP needs a new near moderate leader or Congress needs to project one nice guy for once or... well we might even want MODI back . 
(DARKER TIMES LIE AHEAD ).BUT HEY THAT MIGHT UNITE LEFT AND RIGHT AT LAST IN INDIA I WOULD LOVE THAT .
LIKE IN MONARCHY PEOPLE FIGHT FOR THE LEADER AND IN DEMOCRACY LEADERS FIGHT FOR PEOPLE 
.
MOST HAVE ALMOST FORGOT THIS . I AS A MODERATE LIKE TO JUST CHILL BUT PEOPLE TRY TO FORCE ME INTO JOINING THE THIS BAND LOL.",gwc9pwr,/r/india/comments/n11sqc/resignmodi_trending_in_india_on_1_with_200k/gwc9pwr/,2qh1q,1,0
"@ANI: Do you know why China was able to take away a part of our land? It is because China knows that the person who is sitting at the top position, just cares about his image: Congress leader Rahul Gandhi in Patiala, Punjab","> i am not going to refer to an incident that happened 60 years ago 

... sure, you sound like you don't want things that happened in what you count as remote past - such as the independence of India which happened fyi beyond 60 years ago.",g7z599k,/r/india/comments/j6i5yf/ani_do_you_know_why_china_was_able_to_take_away_a/g7z599k/,2qh1q,0,-1
"""2 Judges Can't Decide"": BJP MP's Strong Objection On Same-Sex Marriages","You are not a well informed person, did you forget about the the whole oral transmission of knowledge that was practiced here? And do you think no one with the right mind notices the injustice done to the texts cause of the deliberate wrong translation and he/she learned Sanskrit and read the original literature and wrote down the proper translations? You can‚Äôt deny reality and if you think manusmriti is a disgusting oppressive book then you haven‚Äôt read the original. Hence you don‚Äôt get to make stupid comments like these, get yourself better informed before making such bold assumptions.",j0vdovi,/r/IndiaSpeaks/comments/zpre2v/2_judges_cant_decide_bjp_mps_strong_objection_on/j0vdovi/,3d4x4,2,1
Priorities of respective governments,When SP was in power they literally showcased some Islamic clerk in their tableau. Indian redditers are hypocrites. Trying to blindly copy western template of values without context of Indian history and culture,gl5fwyu,/r/india/comments/l6t78h/priorities_of_respective_governments/gl5fwyu/,2qh1q,1,1
I clicked a picture from the sky in Delhi and London. When will India get educated politicians who focus on things that actually matter over bs politics.,"I 100% agree, Lucknow used to be such a beautiful and peaceful city. The traffic today drives me nuts. I am literally cursing every time I drive, everyone is just doing their own thing and breaking all the traffic laws.",idtuthc,/r/india/comments/vl882u/i_clicked_a_picture_from_the_sky_in_delhi_and/idtuthc/,2qh1q,0,-1
Some facts about kejriwal's world class delhi education model.,Delhi people will realize soon that they have doomed their offsprings when they see their own kids either flunking or becoming jahil or resorting to making Insta reels or 'Hello guys welcum to utoob channel'.,i2amks2,/r/IndiaSpeaks/comments/totujf/some_facts_about_kejriwals_world_class_delhi/i2amks2/,3d4x4,0,0
BJP adopts every Hindu ü§° What do you mean by masterstroke on its way?,"It looks like you shared an AMP link. These should load faster, but AMP is controversial because of [concerns over privacy and the Open Web](https://www.reddit.com/r/AmputatorBot/comments/ehrq3z/why_did_i_build_amputatorbot). Fully cached AMP pages (like the one you shared), are [especially problematic](https://www.reddit.com/r/AmputatorBot/comments/ehrq3z/why_did_i_build_amputatorbot).

Maybe check out **the canonical page** instead: **[https://www.bbc.com/news/world-europe-54683738](https://www.bbc.com/news/world-europe-54683738)**

*****

^(I'm a bot | )[^(Why & About)](https://www.reddit.com/r/AmputatorBot/comments/ehrq3z/why_did_i_build_amputatorbot)^( | )[^(Summon: u/AmputatorBot)](https://www.reddit.com/r/AmputatorBot/comments/cchly3/you_can_now_summon_amputatorbot/)",ibcf3c7,/r/IndiaSpeaks/comments/v5euvm/bjp_adopts_every_hindu_what_do_you_mean_by/ibcf3c7/,3d4x4,0,0
Rise of hatred in Kerala: travel blogger and family receives death threats and cyber bullying from radical Islam for visiting Ram temple in Ayodhya,"Visited Trivandrum this month only, I was surprised to see there wasn't a single cow seen while I was there for 4 days. Various places, streets where named cristian and islamic.",j4jjizw,/r/IndiaSpeaks/comments/10ci4tf/rise_of_hatred_in_kerala_travel_blogger_and/j4jjizw/,3d4x4,1,1
Kejriwal at it's best.,I used to assume the same but than i acme to know that it is rituals. Because we call our pitar or ancestors at home . Than the crackers show them the way back to heaven's. It is also mentioned way before goras came to India.,infazcw,/r/IndiaSpeaks/comments/x7xtwl/kejriwal_at_its_best/infazcw/,3d4x4,1,1
"""2 Judges Can't Decide"": BJP MP's Strong Objection On Same-Sex Marriages",Judiciary doesnt amend laws. It just cancels the provisions that are unconstitutional and let the constitutional provisions remain. That gives the effect of an amendment while not amending the law.,j0y61fz,/r/IndiaSpeaks/comments/zpre2v/2_judges_cant_decide_bjp_mps_strong_objection_on/j0y61fz/,3d4x4,0,1
"Modi govt wanted to ban PUBG, but realised youth will then ask for jobs: Congress","Possibly on Game of Peace. Global version,can't say. Could be. If it's true then BlueHole needs to make alternative version of PUBGM with Korean developers only for India ASAP.


Here's a reminder,CODM is also made by Tencent. So there's no alternative available if ban is imposed on both. 


Apex Legend Mobile is the only alternative to be anticipated,which is not yet available",fzijkkb,/r/india/comments/hz9umz/modi_govt_wanted_to_ban_pubg_but_realised_youth/fzijkkb/,2qh1q,0,0
"Today, I am announcing free power supply to all the farmers in the country if a non-BJP government comes to power in 2024: Telangana CM KC Rao at a public meeting in Nizamabad district","It is common sense that if a company goes bankrupt then it won‚Äôt be enough. Some small number of businesses fail, that is why banks charge higher interest rates for business loans.

Banks take care of loss and profit, you don‚Äôt bother. Commies like you don‚Äôt understand",inb5rtg,/r/IndiaSpeaks/comments/x71zyj/today_i_am_announcing_free_power_supply_to_all/inb5rtg/,3d4x4,1,1
"@TIME: ‚ÄúThough almost all of India‚Äôs Prime Ministers have come from the nearly 80% of the population that is Hindu, only @narendramodi has governed as if no one else matters,‚Äù @karl_vick writes #TIME100","Both are being dangerously good at stroking the superiority complex of their majority population. Their country's own capitalist overlords are having the time of their lives 
by sucking the lives out of the nations.

Edit: grammar",g6auh1q,/r/india/comments/iy43pn/time_though_almost_all_of_indias_prime_ministers/g6auh1q/,2qh1q,-1,-1
Actor Siddharth threatened for criticising bjp,"He started his own party in Bangalore too. But guess he doesn't know how to do campaigning, social works etc yet. So hoping over period of time, it will get better.",gwdxjg2,/r/india/comments/n0zw40/actor_siddharth_threatened_for_criticising_bjp/gwdxjg2/,2qh1q,0,0
I've collected all available records of UPA censoring free speech. Congress made 18 requests/day to Facebook and 15 requests/day to Google. That is when 70% of the country didn't even have access to the internet.,"Just because UPA does it doesn‚Äôt mean NDA should do it. We should expect more from our government.
If ‚Äònot doing too much harm‚Äô is considered great governance then we are on a path to hell.",gzrveyh,/r/IndiaSpeaks/comments/nn035c/ive_collected_all_available_records_of_upa/gzrveyh/,3d4x4,-1,-1
"Delhi High Court: ""The offence of sedition cannot be invoked to minister to the wounded vanity of the governments"".","Language is just a medium , my friend. Point is nobody in the current ministry, except for a few , has the knowledge to understand what has been written by the court.",gok9o3u,/r/india/comments/lr3ini/delhi_high_court_the_offence_of_sedition_cannot/gok9o3u/,2qh1q,0,-1
"Indians living in USA, Indian-Americans and US Citizens: Please ask your Congressmen and Senators to hold Twitter to task for helping Modi cover up COVID19 Crimes","Losing India will be a huge hit to them. At the end of the day they are a business too. Standing up to our govt might cost them too much. We contribute ~10% of traffic. Losing that would be a major hit to the company. And then they will have to shit down operations here or cut their workforce. Why would they go through all that?
They did have balls to stand up to trump because they were sure they wouldn't be banned there.",gvwtmkn,/r/india/comments/myshgv/indians_living_in_usa_indianamericans_and_us/gvwtmkn/,2qh1q,0,0
Just got abused on the train by a hyper-nationalist woman for a really absurd reason.,"A lot of my coworkers in the STEM field believe that Mahabharata (& just as depicted) was a historical fact. That we had capabilities of remote viewing, flight and various exotic weaponry technology that has been lost to time.",hoovnso,/r/india/comments/rh2kcs/just_got_abused_on_the_train_by_a/hoovnso/,2qh1q,0,0
I've collected all available records of UPA censoring free speech. Congress made 18 requests/day to Facebook and 15 requests/day to Google. That is when 70% of the country didn't even have access to the internet.,"Does OP understand that bringing out facts and data about previous governments can not help with the present day situation? It's no quid pro quo competition where you go like, ""hey, see the previous governments did it too"", what needs to be addressed, should be addressed and it should not matter what the other governments have or have not done. I mean cmon, the reason why a new government has been given a chance is because others didn't do their job well enough and those in power need to prove that they are better than the other governments rather than proving that they are ""less worse"".",gzs67xe,/r/IndiaSpeaks/comments/nn035c/ive_collected_all_available_records_of_upa/gzs67xe/,3d4x4,0,-1
BJP adopts every Hindu ü§° What do you mean by masterstroke on its way?,"So you do know why people supported him on social media if you are comparing these two:-

Because he apologised and people felt 37 days in prison is a bit too much,also you dont know the fact that he also got death threats even his family got death threats and rape threats‚Ä¶And you still didn‚Äôt share the link where he made fun of hindu gods or hinduism",iba0uno,/r/IndiaSpeaks/comments/v5euvm/bjp_adopts_every_hindu_what_do_you_mean_by/iba0uno/,3d4x4,-1,0
"PM Narendra Modi stabbed farmers in the back, not in the chest, because he is 'Hindutvadi': Congress leader Rahul Gandhi at Jaipur rally","i am talking about in general, vatz. Indian rape rate is 25 times less than that of your cross worshipping west. 

And just in case you say 'but but but they report more', no kiddo, they do not. Because Indian rates are within 2-3x of ENTIRE ASIA's rape rate, which is 15-25x less per capita than the western rape rate, which ALSO also has max 2-4x variance between the western nations. 

Ie, the data is consistent, unless you wish to convince us that All of Asia, that is around 65% of humanity, is running an evil conspiracy to normalise their data, despite having FAR more political and economic diversity than western nations, to make this 7-9% of humanity look bad.",hocqfdf,/r/IndiaSpeaks/comments/rem4ye/pm_narendra_modi_stabbed_farmers_in_the_back_not/hocqfdf/,3d4x4,1,1
When Indira Gandhi cracked down on BBC,What she did was wrong but even if tax evasion allegations are proven false doesn't inherently make the income tax dept wrong. They have the right to conduct searches may or may not find any evidence. The only thing that's wrong is the timing because it clearly shows modi did this as a retaliation.,j8r8190,/r/IndiaSpeaks/comments/113k1jh/when_indira_gandhi_cracked_down_on_bbc/j8r8190/,3d4x4,0,0
"TIL that Congress MP Digvijay Singh,after 26/11 attacks, declared that it was hindu terrorists who did it and released a book 'Hindu Terror"" coining this word for 1st time in indian politics","wait he didn't blame 26/11 on hindu terrorists right? where did you learn this fact that you are mentioning?
is there any link to any article? i will love to read it.",gbyaals,/r/IndiaSpeaks/comments/js6aps/til_that_congress_mp_digvijay_singhafter_2611/gbyaals/,3d4x4,0,0
Congress with some innovative banners for the ongoing petrol/diesel issue,"I love creative criticisms like this without any personal attacks, imo these are more effective and catchy and doesn't make you look like a dick for personal remarks. Subtle but effective",i46m40f,/r/india/comments/u0iytk/congress_with_some_innovative_banners_for_the/i46m40f/,2qh1q,0,0
"Kejriwal says that Mukesh Ambani's Antilia is built on Waqf Board Land and if he comes to power, he will give it back to Waqf Board.",This is how you lose next elections of Delhi. Oh and this is also how lose the elections of Gujarat. By pissing off the richest person in India who is a Gujarati. Waah khujliwal ji,iq4ox0w,/r/IndiaSpeaks/comments/xpb83d/kejriwal_says_that_mukesh_ambanis_antilia_is/iq4ox0w/,3d4x4,1,1
Kejriwal makes Delhi into a joke that is now being used in advertisements.,"But this advertisement is correct. If stubble burning is not a criminal offence now then how the hell Delhi government will work to curb this burning problem of Delhi pollution. I mean, they need to make a holistic and comprehensive plan to mitigate this issue.",ho3fwva,/r/IndiaSpeaks/comments/rdr8hh/kejriwal_makes_delhi_into_a_joke_that_is_now/ho3fwva/,3d4x4,0,1
#ResignModi trending in India on #1 with 200k tweets at the moment,"They are primarily blaming state govts. Who are at fault as well to some extent surely. Also saying stuff like every country had trouble with the second wave. And playing the high population card when mishandling is discussed.

But I don't see a lot of criticism aimed at the central govt on the other sub. 

Some of them are too touchy about criticism. They love deflecting issues by pointing out flaws or missteps of other entities. 

And they are quick at targeting you personally. Like what have any of us personally done to solve the problem other than be a keyboard warrior.",gwaks8i,/r/india/comments/n11sqc/resignmodi_trending_in_india_on_1_with_200k/gwaks8i/,2qh1q,-1,-1
Bahut jagah hai arey nahin jagah hai.. ft. CONgress,One person said something about and there is lot of violence and what happens if prime minister will say something. Are we ready for that. Just ask yourself. These things needs to get handled gracefully and takes time. Government might be doing something behind the close doors but time will tell.,ihpyxw6,/r/IndiaSpeaks/comments/w8ib4s/bahut_jagah_hai_arey_nahin_jagah_hai_ft_congress/ihpyxw6/,3d4x4,0,0
The picture pretty much sums up the ideology of BJP right now,"Exactly true. The protests and rallies seem politically motivated. 

There are some theories that non BJP parties are feeling threatened that BJP is delivering on all their election promises and these other parties are trying to rock the boat for BJP by making their actions seem racist. 

I was surprised to see a video from 2016 where Manmohan Singh is asking for exactly what CAA is doing - he asked that minorities from these 3 countries who are seeking asylum in India on basis of religious persecution be given citizenship on expedited basis. So is Manmohan Singh and Congress also racist?

Destabilizing India by getting all uneducated people (who don‚Äôt read up on facts and lack on critical thinking) all worked up and protesting seems like something would make Pakistan feel happy?",fboeeyi,/r/india/comments/ee11sp/the_picture_pretty_much_sums_up_the_ideology_of/fboeeyi/,2qh1q,-2,-1
"An attempt to address the list of ""simplified"" explanation that is floating around in an attempt to justify the Citizenship Amendment Fact","This post has several factual errors that I cannot even start pointing out. 

I request everybody to do their own research.

India is a country were millions of parsi's from Iran migrated (12-20th century), millions from afganistan (during their struggle with russia), from sri lanka, from bangladesh, from Tibet (China) and now from Burma. 

Do you know that most number of migrants come to India from Bangladesh and Pakistan? 

Please read the Citizenship act of 1955. It clearly says who is an illegal immigrant. Any body who is in India without a valid passport is illegal. This new bill excludes the people in the 6 communities from being illegal. All Illegal immigrants should be deported. Now, every country has the right to decide who can migrate. For example, US has EB5 visa to stop poor people from coming in, other countries have point system based on education/age, then there is something called 'extreme vetting' for people from select countries. If India decides to relax immigration rules for minorities of these three countries, it is not discriminatory but a preference. These three countries are not secular countries. These are Islamic countries where Minorities are killed. There is no question about it. 

Did you know that in Assam, there are more refugees than assamees? Have you read about Assam Agitation? 

At this point, people who are protesting and throwing stones and burning buses, should educate themselves. Being secular does not mean you should illegal immigration.

It is easy to brand me a bhakt, or someone from quora or whatever...but educate yourself about our history...you do not have to go back several years...only upto 1947.",fbfc3c4,/r/india/comments/ebdeup/an_attempt_to_address_the_list_of_simplified/fbfc3c4/,2qh1q,2,2
Hijab is not allowed in educational institutes in Karnataka but weapons are.,"Honestly, so true. Karnataka seems worse. UP still has a fuckload of Muslims, so the BJP assholery gets somewhat neutralized, but Karnataka is only like 12% Muslim, so they really bear the brunt of the discrimination.

My opinion is that in India there is no good guy or bad guy. Just the stronger and weaker one.",i8v74rr,/r/india/comments/uqplfi/hijab_is_not_allowed_in_educational_institutes_in/i8v74rr/,2qh1q,-2,-1
J Sai Deepak's Advice for Indic minded students preparing for government exams | Buddhi India,">And I am hoping to join the foreign service but will surely reach out if I become successful with it.

All the best, I like your spirit. Keep up the karma, you'll definitely get your phal√°.",i1tdcfr,/r/IndiaSpeaks/comments/tk7ayw/j_sai_deepaks_advice_for_indic_minded_students/i1tdcfr/,3d4x4,0,0
I've collected all available records of UPA censoring free speech. Congress made 18 requests/day to Facebook and 15 requests/day to Google. That is when 70% of the country didn't even have access to the internet.,"Yeah, i was able to understand the gist of his original unedited comment. Just pointing out the difference in impact of the misuse of laws. The worst twitter can do is de-platform you.",gzsk5t2,/r/IndiaSpeaks/comments/nn035c/ive_collected_all_available_records_of_upa/gzsk5t2/,3d4x4,0,0
"""2 Judges Can't Decide"": BJP MP's Strong Objection On Same-Sex Marriages","We can use a a similar analogy but with opposite standard. If people can choose another religion than their birth religion, why can't I choose my gender too cuz penis=man, vagina=women is a man made definition.


You can't see the culturally problematic aspect of transable, trans race concept and see the difference from the transgenderism, then I don't think me explaining it would change your mind.",j0vmmlq,/r/IndiaSpeaks/comments/zpre2v/2_judges_cant_decide_bjp_mps_strong_objection_on/j0vmmlq/,3d4x4,2,2
Thanks Delhi - For giving India some hope,"Point is who is voting BJP ? BJP has 40% vote why ?

UCs voting for BJP without even thinnking just because BJP/RSS wants to brutalise OBC/Muslims/Dalits/Tribals . Their bigotry is so disturbing .

Why should OBC/Muslims/Dalits take responsibility to defeat BJP ? while UCs keep supporting BJP .

Even after this AAP , another UC party , ddoesnt want to justice but UCs appeasement cuz Kejriwal is a closet sanghi .",fhbb0e3,/r/india/comments/f25goc/thanks_delhi_for_giving_india_some_hope/fhbb0e3/,2qh1q,-2,-2
"Today, I am announcing free power supply to all the farmers in the country if a non-BJP government comes to power in 2024: Telangana CM KC Rao at a public meeting in Nizamabad district","Hmm first of all gdp is not at all related to population just look at comparison of why germany,japan is ahead of us in gdp, While gujarat is ahead than telangana in health care(it ranks 4th),in literacy rate too it its better while on the poverty and per capita telangana is better",inb3y3o,/r/IndiaSpeaks/comments/x71zyj/today_i_am_announcing_free_power_supply_to_all/inb3y3o/,3d4x4,0,0
The picture pretty much sums up the ideology of BJP right now,"Nazi Germany did many things before it hit the point of killing so many people. These comparisons of the BJP to the Nazi party are to the former days of the Nazi party when they were systematically disenfranchising the Jews and other groups they were against. And they did this by systematic measures and rules. Similar to what the current government is looking to do via these heinous laws. 

One hopes that such protests prevent the BJP from mirroring the Nazi party of the latter years and that such protests prevent such mass scale devastation again.",fbp9f6n,/r/india/comments/ee11sp/the_picture_pretty_much_sums_up_the_ideology_of/fbp9f6n/,2qh1q,-2,-1
"""Educated"" MP of india","First you said you didn't see any such posts in my history, now you are saying you assumed like that.

First you quoted me to make point against me now your saying the same quote isn't true.

I suggest you stop before you dig deep into your own grave.

Just because you add you are correct at the end of each of your argument does not make it correct.",j84q1sh,/r/IndiaSpeaks/comments/10zcnhx/educated_mp_of_india/j84q1sh/,3d4x4,0,0
Resident Doctors in India are on strike,Yes it was fault of initial government policies but why is this government encouraging the same and few months back they even increased some % quota for OBC or other reserved caste.. Every government is responsible for this even NDA,hqb7txa,/r/IndiaSpeaks/comments/rqauwd/resident_doctors_in_india_are_on_strike/hqb7txa/,3d4x4,-1,-1
Suzanna Arundhati Roy blames Indian government and Indians for occupying India,"Pragya has openly stated (more than once) that Godse was a hero. But her opinion is not generalized as the opinion of the bjp party, nor the opinion of hindutva advocates.",i0rjee2,/r/IndiaSpeaks/comments/tepze6/suzanna_arundhati_roy_blames_indian_government/i0rjee2/,3d4x4,-1,-1
"BJP Blocks Parliament Panel Review Of PM CARES Fund, Coronavirus Response",Kaise chutiye run kar rahe hai apni country. I hope Modi shah and their lapdogs wake up in a puddle of blood from their own arses soon and die. Fucking cunts,fxtcek9,/r/india/comments/hp2bgk/bjp_blocks_parliament_panel_review_of_pm_cares/fxtcek9/,2qh1q,-2,-2
I've collected all available records of UPA censoring free speech. Congress made 18 requests/day to Facebook and 15 requests/day to Google. That is when 70% of the country didn't even have access to the internet.,"This is exactly what is happening since ages, meanwhile both the parties will take your case during their terms and we will keep on bickering amongst ourselves rooting for either congress bjp or some random party. This sucks.",gzt3ein,/r/IndiaSpeaks/comments/nn035c/ive_collected_all_available_records_of_upa/gzt3ein/,3d4x4,0,0
Government of India has Blacklisted Karl Rock and have cancelled his visa,mahatma gandhi's shadows are fading. retards who defame mahatma gandhi mostly talk about his negative points which he literally made in his 20s. literally the government is promoting hindutva(hinduism and hindutva are two different things). the future of the country is dark asf,h4lazw7,/r/india/comments/ogrc0d/government_of_india_has_blacklisted_karl_rock_and/h4lazw7/,2qh1q,-2,-2
"Does anyone know what happened to the entirety of Rs. 11,000,00,00,000 (10,990 Crores) public donations to the PM-CARES Fund?","And Bhakts will still claim it is voluntary.

Indian railways donated to the fund. A tax paid organization donated money, which means every single tax paying Indian paid the money. Most Indians pay taxes when you account for sales taxes, so most Indians chipped involuntarily.

Yet there is no accountability. BJP supporters have no respect for democracy, or have any self respect at all to begin with. Why else would you celebrate the fact that you just got looted in the midst of a once a century pandemic?",itqulvz,/r/india/comments/yd386s/does_anyone_know_what_happened_to_the_entirety_of/itqulvz/,2qh1q,-2,-2
"PM Narendra Modi stabbed farmers in the back, not in the chest, because he is 'Hindutvadi': Congress leader Rahul Gandhi at Jaipur rally","This guy is protesting against inflation. Ironically, Rajasthan is one of the states where petrol and diesel prices have remained the highest....

Do politicians ever think what's wrong in their brains or are they always ""high""??",ho9buot,/r/IndiaSpeaks/comments/rem4ye/pm_narendra_modi_stabbed_farmers_in_the_back_not/ho9buot/,3d4x4,-1,0
"Spurned by Congress for years, Dalits in Delhi say Arvind Kejriwal didn't just bring 'innovative' school reforms, but also equality in education",Glad to see this. I sometimes wonder how much more developed our country could be if all our leaders since Independence were as serious about the growth of the nation instead of votebank politics.,ffq04wa,/r/india/comments/euipuz/spurned_by_congress_for_years_dalits_in_delhi_say/ffq04wa/,2qh1q,-1,-1
"An attempt to address the list of ""simplified"" explanation that is floating around in an attempt to justify the Citizenship Amendment Fact","""That's blatantly false. The CAB automatically gives citizenship to non-Muslims even if they are illegals. The BJP will then impose a nationwide-NRC. Indian Muslims will now require extraordinary proof to prove their Indian citizenship""


How does it automatically do so? I am trying to understand things. Pls pardon my ignorance. Could someone explain this pls.",fbderc6,/r/india/comments/ebdeup/an_attempt_to_address_the_list_of_simplified/fbderc6/,2qh1q,0,0
I've collected all available records of UPA censoring free speech. Congress made 18 requests/day to Facebook and 15 requests/day to Google. That is when 70% of the country didn't even have access to the internet.,"What's the point? I voted out congress due to all such bullshit they were doing. Now what's the point of this whataboutery. 
Why did rational people like us voted out Congress back in 2014 to see BJP doing the same shit all over?
I've actually accepted that it doesn't matter, be it Congress or BJP or any other state party all of them are corrupt and doesn't care.",gzu3llo,/r/IndiaSpeaks/comments/nn035c/ive_collected_all_available_records_of_upa/gzu3llo/,3d4x4,0,0
J Sai Deepak's Advice for Indic minded students preparing for government exams | Buddhi India,Yeah no. Couldn't care about it less. I have been vocal for some time now but decided on upsc recently so just looking out for myself. Pata chala system mein ghusne se phele hi bahar nikal diya.,i1s6it5,/r/IndiaSpeaks/comments/tk7ayw/j_sai_deepaks_advice_for_indic_minded_students/i1s6it5/,3d4x4,0,0
The picture pretty much sums up the ideology of BJP right now,"But those persecutions are mainly for ethnic or political reasons or in combination, not necessarily only religious that comes under CAA. And India recognizes them under one religion of Islam like most other countries do.",fbpdj3f,/r/india/comments/ee11sp/the_picture_pretty_much_sums_up_the_ideology_of/fbpdj3f/,2qh1q,1,1
Hate factory: Inside Kapil Mishra‚Äôs ‚ÄòHindu Ecosystem‚Äô | We infiltrated the Telegram groups of the BJP leader‚Äôs online network to see what they do,"Well it's scary at how coordinated and united they are. This is a recipe of disaster (in their favour). There have been plenty of protests and raising voices against discrimination, most of time it's been ignored or when it makes enough noise, slew of these attacks with a motive to paint them terrorists, and it's successful in making the relatively blissful crowd believe it is the case. Or just straight up attack the protestors until it fizzles out of existence. 

If I saw this article maybe 5 years back I would be saying the same thing you're saying. But now I've lost hope for this nation.",gnml0ai,/r/india/comments/lkfk59/hate_factory_inside_kapil_mishras_hindu_ecosystem/gnml0ai/,2qh1q,-2,-1
How can educated Indians be so uneducated?,I'm very sorry that you have to live like this in your own country..sorry for what people did to you..take care..hope some day india will change and be inclusive... It is too much to ask today,g2i3du3,/r/india/comments/iek8ca/how_can_educated_indians_be_so_uneducated/g2i3du3/,2qh1q,0,-1
Suzanna Arundhati Roy blames Indian government and Indians for occupying India,"As a Chattisgarhi, I can tell you that no one in Chattisgarh considers naxals as 'freedom fighters' or something like that. We see them as terrorists who have hijacked Chattisgarh and won't let the state develop.",i0sa5t8,/r/IndiaSpeaks/comments/tepze6/suzanna_arundhati_roy_blames_indian_government/i0sa5t8/,3d4x4,1,0
BJP Gujarat 2022 Manifesto.,Bro point kya hai tumhara? Mai nahi chahta bjp rapists ko support kare. Tum yeh nahi chahte kya? Election mai har jeet to alag baat hai. Isse bjp ki image ko chot pohochti hai.,ixyxdg0,/r/IndiaSpeaks/comments/z5u6kf/bjp_gujarat_2022_manifesto/ixyxdg0/,3d4x4,1,1
Suzanna Arundhati Roy blames Indian government and Indians for occupying India,I consider myself left.. But this lady is spewing bullshit. Just in her counting she counted Kashmir twice and said Pakistan didn't do this. No sane person should listen to her.,i0s3b31,/r/IndiaSpeaks/comments/tepze6/suzanna_arundhati_roy_blames_indian_government/i0s3b31/,3d4x4,-1,0
Chinese media calling out Indian Government affiliated accounts and BJP ministers,"The thing is, this is a strategy for chaddis.

Post pics like these, millions see them and go wow mudiji diblopment and then disengage from further talks about it. So, the fact checks are useless from BJP‚Äôs view point as millions of impressionable people have already thought its real. 

They don‚Äôt mind a bit of international embarrassment as long as it keep bringing the votes in.",hm9zwsq,/r/india/comments/r39l2m/chinese_media_calling_out_indian_government/hm9zwsq/,2qh1q,-1,-1
I've collected all available records of UPA censoring free speech. Congress made 18 requests/day to Facebook and 15 requests/day to Google. That is when 70% of the country didn't even have access to the internet.,"Even if government somehow gets a court order to revel your identity, so what? These acts are not illegal. Government has to prove you broke the law , in court of law, and convict you before they can punish you.",gzs3od0,/r/IndiaSpeaks/comments/nn035c/ive_collected_all_available_records_of_upa/gzs3od0/,3d4x4,0,0
Honest Rant,"If these freebies don‚Äôt add a burden on the tax payer. Doesn‚Äôt make the government take loan. The government is still in profit. How is this bad? 

Do you know Mumbai BMC has the highest budget but the infra is shitty. It‚Äôs one of the most expensive city in India to live in and we get nothing in return. 

If a politician who is not mired in corruption providing these services for free then there‚Äôs nothing wrong. We should expect these things back from the government for the heavy tax we pay. 

I‚Äôm surprised you‚Äôre complaining about the low electricity bill. Should only sarkari babu and neta get that benefit? Also, if this is a mass wide scheme, then that means it‚Äôs not targeted to a community or cast, everyone benefits. God knows what your complaining about really.",i04kipx,/r/IndiaSpeaks/comments/tavmqa/honest_rant/i04kipx/,3d4x4,1,0
Kejriwal says ‚ÄôThe Kashmir Files‚Äô is a ‚Äòjhoothi‚Äô (fake) film. The Chief Minister of Delhi is now officially a Genocide denier,"Tell that to H@lal organizations to stop funding jihad


>i can tell you that more muslim have been harmed in last 70 years.

You should check your mind and read some historic records about how many have lost there lives to jihad
Instead of wiki, read records cause wiki is manipulated by these fkrs

>More than any religion it is kashmiri who have suffered.

Dude, who tf got kill/raped out of there own homes, there were only 89 fir filed cause rest of them were k!lled",i20ptx6,/r/IndiaSpeaks/comments/tmhqqg/kejriwal_says_the_kashmir_files_is_a_jhoothi_fake/i20ptx6/,3d4x4,2,1
BJP Gujarat 2022 Manifesto.,"Unpopular opinion, Delhi should not be a state.. 

it‚Äôs a piece of land for the government of India, to govern the whole country.. 

India is not alone in this..
It was a progressive move made when the country was created.. 

More reading here,

https://en.m.wikipedia.org/wiki/Capital_districts_and_territories

In a nut shell,
Indian constitution gives a set of power to states against central govt.. to make checks in power and balance.. 

Govt of India needs its own land to operate if states start rebelling against it.. 

Imagine if Delhi state govt starts to rebel, it can cripple the whole nation working properly.. 

No other state or representatives of the states will vote for this",ixzzyaw,/r/IndiaSpeaks/comments/z5u6kf/bjp_gujarat_2022_manifesto/ixzzyaw/,3d4x4,0,0
"The standard of prime time debates on our national media - ""If vegetables are expensive then the government is on target but if subscription is expensive then that's not a problem""","A common family of 5 in India can comprise of:

2 adults, 3 kids is what comes to the mind first 

Or 1 elderly, 2 adults, 2 kids

Or 2 elderly, 2 adults, 1 kid.

Who TF needs a matrimony app? And that too by spending 1k.",j9kae42,/r/india/comments/118s00j/the_standard_of_prime_time_debates_on_our/j9kae42/,2qh1q,0,0
Just got abused on the train by a hyper-nationalist woman for a really absurd reason.,"If you don't have any experience, then don't engage, but if you really wanna, learn to disagree by agreeing first. People have this image that genz/millennials are kinda edgy. To counter this stereotype, agree with other's opinions first, and show them how learnt you're in their own field. For example, in the above case, you could've told her that we were good and formulated a lot of mathematics and Ayurveda was one of the best of that time.

Now once you've got her to agree with you, now it's your time to convince her that she's wrong. You've just destroyed that edgy teen stereotype by pleasing her with facts.To do further damage reduction, talk about hinduism and show her you're more well versed with Hinduism than her. This is not only to woo her, but the public too, so that either they don't interfere or bash you. Don't bring out that you're atheist or anything.

Now to prove them wrong, you could've said that now the times have changed. Remember, you could've said that right at the beginning but that wouldn't have worked. It'll now because she's more vulnerable. You don't have to make other person feel guilty or inferior or anything, you just have to make them realize that they're wrong. One thing that people agree with most of the times is how talking about past wouldn't bring a change in the future, and how development makes other nations respect us, our opinions and our culture more.

Now you've to properly gauge when to turn the wheels. Some people can be just hopeless and nothing you say will have any effect. In such situations, politely disengage ( do something impolite and they'll bring the duel right at your door. Also don't do any of the young vs old shit, that will feed to edgy teen stereotype and public will get swayed towards the opponent.)",hoqa7dm,/r/india/comments/rh2kcs/just_got_abused_on_the_train_by_a/hoqa7dm/,2qh1q,-1,-1
You guys noticing what's happening in Sri Lanka?,"Just read SL news that they ordered 750 Thars for police/military using the line.

Sri Lankans need to change the govt otherwise no amount of help will benefit them.",i2vhxr8,/r/india/comments/tt1ryh/you_guys_noticing_whats_happening_in_sri_lanka/i2vhxr8/,2qh1q,0,0
"[Kanchan Gupta] When a journalist made an attempt to report rape-as-retribution by TMC for voting BJP , he was threatened into silence. A TMC leader told the journalist: ‚ÄúDon‚Äôt you ever dare‚Ä¶‚ÄùSo will the SC be now threatened in a similar manner? Will complainants be subjected further misery?",">and not even recognize the ""predominately Muslim men on predominately Hindu women"" angle

Please give reference or source with respect to the article we are discussing on. You are just posting the same baseless propaganda-rant.

Problem is exactly this approach will dilute the serious allegation and prevent the women from getting justice. Let there be probe and let the judicial process be carried out of this state (a demand of one party, as stated in the report). So that culprits are identified. If they are proved to be predominantly of any particular religion, then we can talk. Though i suspect they will be predominantly Hindus, but that's just my opinion. Let facts come out and proven convicts be given max punishment under law.",h1qkz2s,/r/IndiaSpeaks/comments/nzj7kh/kanchan_gupta_when_a_journalist_made_an_attempt/h1qkz2s/,3d4x4,1,1
Priorities of respective governments,"europes naturual habitat is rough, they have low temps all across europe and winter is rough, if you dont have time to spare, you will not think of weird shit.",gl2wfdg,/r/india/comments/l6t78h/priorities_of_respective_governments/gl2wfdg/,2qh1q,0,0
I've collected all available records of UPA censoring free speech. Congress made 18 requests/day to Facebook and 15 requests/day to Google. That is when 70% of the country didn't even have access to the internet.,What Congress does is politics. That is what they are expected to do in a democratic system. BJP will do the same if in opposition. I cannot stand Congress because it has no democratic structure in the party and they have weakened the nation in every way when in power. Other than that as a political party they can contradict themselves like this. In politics no one is free of this. Modi opposed GST when he was a chief minister.,gzsqawl,/r/IndiaSpeaks/comments/nn035c/ive_collected_all_available_records_of_upa/gzsqawl/,3d4x4,0,1
Former Diplomat K. C. Singh Ponders The ‚ÄúInternal Matter‚Äù Conundrum of The Indian Government,"I was referring to the recent KPK‚Äôs minister statement that the temple will be rebuilt. Good initiative though but honestly tell me, would anyone had dare to rebuild if it was ahmedi mosque?",ghwm7rk,/r/india/comments/kp0drv/former_diplomat_k_c_singh_ponders_the_internal/ghwm7rk/,2qh1q,-1,-1
BJP adopts every Hindu ü§° What do you mean by masterstroke on its way?,Upes sorry just read your comment again and I didn‚Äôt see that the first time. My bad. I do have a question for you though. What exactly is hindutva? I know its not good but I can‚Äôt seem to get a consistent answer from anyone.,ie5dvvx,/r/IndiaSpeaks/comments/v5euvm/bjp_adopts_every_hindu_what_do_you_mean_by/ie5dvvx/,3d4x4,1,0
"Kejriwal says that Mukesh Ambani's Antilia is built on Waqf Board Land and if he comes to power, he will give it back to Waqf Board.","This is the same Kejriwal who sent two leaders of AAP from Delhi to Mumbai to attend Ambani's son's marriage.

This is the same Kejriwal who last month welcomed delegation from Reliance for investing in Punjab.

Typical Leftist type past leaders who used to shout against US/UK in front of masses but send their children to US/UK for higher education.",iq70186,/r/IndiaSpeaks/comments/xpb83d/kejriwal_says_that_mukesh_ambanis_antilia_is/iq70186/,3d4x4,1,0
"[Suresh Chavanke] Not a Dalit Sikh but a Christian Chief Minister has been given to Punjab by Congress? His wife is giving us feedback, when the cross is seen hanging on the wall behind.","1. Because christanity is an abharahmic faith they believe that there god is the greatest and they think that its their moral duty to bring more people to Christianity.
2. Some have political motives. It helps them to became the majority religion. Ex many african countries. 
3. They believe in hell and heaven. So converting more and more people means ticket to heaven.",hdovl5h,/r/IndiaSpeaks/comments/prtiwo/suresh_chavanke_not_a_dalit_sikh_but_a_christian/hdovl5h/,3d4x4,1,0
Kejriwal says ‚ÄôThe Kashmir Files‚Äô is a ‚Äòjhoothi‚Äô (fake) film. The Chief Minister of Delhi is now officially a Genocide denier,"Though the movie was good, agree with Kejriwal here. Its not government's job to promote movies - thats propaganda. If you like it, its good propaganda. If not, bad propaganda. But a propaganda regardless.",i1yt1i1,/r/IndiaSpeaks/comments/tmhqqg/kejriwal_says_the_kashmir_files_is_a_jhoothi_fake/i1yt1i1/,3d4x4,1,1
Kejriwal makes Delhi into a joke that is now being used in advertisements.,Appreciate your acknowledgement that how both of them are wrong but you have to consider that at the end of the day a brand can only survive if they advertise themselves.. otherwise the PR from the competitors would take their share..,ho44186,/r/IndiaSpeaks/comments/rdr8hh/kejriwal_makes_delhi_into_a_joke_that_is_now/ho44186/,3d4x4,0,0
Kejriwal says ‚ÄôThe Kashmir Files‚Äô is a ‚Äòjhoothi‚Äô (fake) film. The Chief Minister of Delhi is now officially a Genocide denier,"Dude so you‚Äôre saying if you‚Äôve taken up arms against the establishment because they‚Äôre forcing you out of your home, they‚Äôre at wrong? They‚Äôre militants? If this is so, then Ukrainians are doing the same thing against Russian establishment, so they‚Äôre also militants and terrorists LOL.

You need to get your head out of your ass and just think about it for a second before you respond.",i1zpk4c,/r/IndiaSpeaks/comments/tmhqqg/kejriwal_says_the_kashmir_files_is_a_jhoothi_fake/i1zpk4c/,3d4x4,1,-1
The secret space race - why India's timing of the ASAT tests were of utmost importance,"I actually read the two articles listed and thought India was excluded since we weren‚Äôt mentioned at all. 

If we were discussing not weaponizing space as we tested the ASAT tech, it is pretty bad optics. But the rest of my point stands. Space will be weaponized

Thanks for letting me know.",ejv84zx,/r/IndiaSpeaks/comments/b7mvn9/the_secret_space_race_why_indias_timing_of_the/ejv84zx/,3d4x4,0,0
Priorities of respective governments,"Also the fact that living in harsh inhuman conditions (like for those who migrated to Europe) makes you innovate for survival. Technology and science (study of the fundamentals) have always worked hand in hand, i.e. the growth of one leads to another and so on.",gl2yu08,/r/india/comments/l6t78h/priorities_of_respective_governments/gl2yu08/,2qh1q,0,0
Kejriwal at it's best.,"Well, tbf, July 4th isn't celebrated in celebrated in India and also Air Quality of most US states is markedly better than India. You can't possibly be argued that it's not. Delhi is literally the most polluted city in the world. 

As far as December 31st goes, this ban would cover that too.

I am not going in the merits of the ban, per se, nor am saying that Diwali causes all the pollution of Delhi, according to most research its not that high compared to other factors. My point is limited to the things I said.",infsdt8,/r/IndiaSpeaks/comments/x7xtwl/kejriwal_at_its_best/infsdt8/,3d4x4,0,0
PUNJAB GOVERNMENT new technology lekar aaya hai. Baarish me bhi Road banayi ja sakti hai.,"Free electricity vrooo.... Aam Aadmi Party builds hospitals and schools vroooo.... no corruption vrooo... kejru>>>mudi vrooo

Did they really not expect a comedian to perform comedy even as a CM? üòÜ",ifl0itd,/r/IndiaSpeaks/comments/vvnbet/punjab_government_new_technology_lekar_aaya_hai/ifl0itd/,3d4x4,1,0
When Indira Gandhi cracked down on BBC,"How can someone actually in their right frame of mind equate Indira regime's emergency to a mere banning of a propaganda laden documentary.

During Indira's emergency along with taking away press freedom there was a crackdown on trade unions as well. The Indira government reportedly banned trade union activity, strikes by workers and imposed fixed wages with no scope for bonuses. The workers that protested against this faced strict repression. Another controversial aspect of this period was Sanjay Gandhi‚Äôs mass sterilization program across the country and demolitions of slums for ‚Äòbeautification‚Äô of cities with little to no prior notice to slum dwellers.

The most jarring aspect of Indira's emergency was Constitutional rights of people of India were suspended. Right to approach court for enforcement of Fundamental rights was taken away. Several of Gandhi‚Äôs political opponents were imprisoned including LK Advani, Atal Bihar Vajpayee, Morarji Desai and JP Narayan. A mass sterilisation programme was also enacted by Sanjay Gandhi. All powers were vested in the hands of the Union government. This all went on for 21 months. 

When BJP and Modi remind people of dark days of emergency, it's the culmination of all these draconian acts which took place when emergency was declared. 

Modi ever since 2014 has never suspended your right to approach the Supreme Court or a High Court for enforcement of your fundamental rights. There has been no curtailment of press freedom. Malicious channels like NDTV, Quint, The Wire have regularly peddled propaganda and post Adani takeover sepoys like Rubbish who are on payroll of Congress have flocked to Youtube. 

IT dept has statutory right to conduct raids. They don't have to wait for the cover of emergency to conduct raids on suspicious bodies. These BBC are habitual offenders in tax evasion. Acc to a 2012 report, thousands of public employees, including those at the BBC, were not paying their taxes at the source. Report was by public accounts committee in the United Kingdom (UK). In 2016, HM Revenue and Customs had reportedly begun an investigation into more than 100 BBC broadcasters amid allegations that they had underpaid their income tax and National Insurance contributions.

https://www.channel4.com/news/bbc-tax-affairs-scrutinised-by-commons-committee

I hope Modi was half the dictator these ignorants call him out to be.",j8rbjkr,/r/IndiaSpeaks/comments/113k1jh/when_indira_gandhi_cracked_down_on_bbc/j8rbjkr/,3d4x4,2,2
Average Congress yuvak,"Mai ek baar Gaya tha rally me raga ki yaar public se Jayda Jeb katare hote hai wala or slippers me gaya thha Tut gaayi thhi 

Bus dekhna thha ki rahul gandhi real me bhi wese hi dikhta hai ki nahi",idb2ob4,/r/IndiaSpeaks/comments/vhyfeh/average_congress_yuvak/idb2ob4/,3d4x4,1,0
BJP adopts every Hindu ü§° What do you mean by masterstroke on its way?,"Exactly so that's what we gotta understand. We have to build our own strength as nation as well. It's no good to bash Bjp here, cause it had no choice to be honest.",ibbtbaz,/r/IndiaSpeaks/comments/v5euvm/bjp_adopts_every_hindu_what_do_you_mean_by/ibbtbaz/,3d4x4,0,1
Kejriwal says ‚ÄôThe Kashmir Files‚Äô is a ‚Äòjhoothi‚Äô (fake) film. The Chief Minister of Delhi is now officially a Genocide denier,"This sub is just bjp propaganda sub it seems. Been here since some time and I see it now. All the best guys with the hate mongering, it's been working well anyway. Whatever helps you sleep at night",i20s0bu,/r/IndiaSpeaks/comments/tmhqqg/kejriwal_says_the_kashmir_files_is_a_jhoothi_fake/i20s0bu/,3d4x4,-1,-1
